<?xml version="1.0" encoding="UTF-8"?>

<InventoryItem xmlns="http://hl7.org/fhir">
  <id value="123"/>
  <text>
    <status value="generated"/><div xmlns="http://www.w3.org/1999/xhtml"><p><b>Generated Narrative: InventoryItem </b><a name="123"> </a><a name="hc123"> </a></p><div style="display: inline-block; background-color: #d9e0e7; padding: 6px; margin: 4px; border: 1px solid #8da1b4; border-radius: 5px; line-height: 60%"><p style="margin-bottom: 0px">ResourceInventoryItem &quot;123&quot; </p></div><p><b>status</b>: active</p></div>
  </text>
  <status value="active"/>
</InventoryItem>