{
  "resourceType" : "CodeSystem",
  "id" : "cs-ihe-pharm-product-association-type",
  "text" : {
    "status" : "generated",
    "div" : "<div xmlns=\"http://www.w3.org/1999/xhtml\"><p>This case-sensitive code system <code>http://profiles.ihe.net/PHARM/supply/CodeSystem/cs-ihe-pharm-product-association-type</code> defines the following code:</p><table class=\"codes\"><tr><td style=\"white-space:nowrap\"><b>Code</b></td><td><b>Definition</b></td></tr><tr><td style=\"white-space:nowrap\">contains<a name=\"cs-ihe-pharm-product-association-type-contains\"> </a></td><td>the product contains the related product</td></tr></table></div>"
  },
  "url" : "http://profiles.ihe.net/PHARM/supply/CodeSystem/cs-ihe-pharm-product-association-type",
  "version" : "0.3.0",
  "name" : "CSProductAssociationType",
  "title" : "Product association type code system",
  "status" : "active",
  "experimental" : true,
  "date" : "2024-06-18T21:01:23+00:00",
  "publisher" : "IHE Pharmacy Technical Committee",
  "contact" : [{
    "telecom" : [{
      "system" : "url",
      "value" : "https://www.ihe.net/ihe_domains/pharmacy/"
    }]
  },
  {
    "telecom" : [{
      "system" : "email",
      "value" : "pharmacy@ihe.net"
    }]
  },
  {
    "name" : "IHE Pharmacy Technical Committee",
    "telecom" : [{
      "system" : "email",
      "value" : "pharmacy@ihe.net"
    }]
  }],
  "description" : "product association type code system.",
  "jurisdiction" : [{
    "coding" : [{
      "system" : "http://unstats.un.org/unsd/methods/m49/m49.htm",
      "code" : "001"
    }]
  }],
  "copyright" : "IHE http://www.ihe.net/Governance/#Intellectual_Property",
  "caseSensitive" : true,
  "content" : "complete",
  "count" : 1,
  "concept" : [{
    "code" : "contains",
    "display" : "contains",
    "definition" : "the product contains the related product"
  }]
}