"Id","Path","Slice Name","Alias(s)","Label","Min","Max","Must Support?","Is Modifier?","Is Summary?","Type(s)","Short","Definition","Comments","Requirements","Default Value","Meaning When Missing","Fixed Value","Pattern","Example","Minimum Value","Maximum Value","Maximum Length","Binding Strength","Binding Description","Binding Value Set","Code","Slicing Discriminator","Slicing Description","Slicing Ordered","Slicing Rules","Base Path","Base Min","Base Max","Condition(s)","Constraint(s)","Mapping: RIM Mapping"
"ProductModel","ProductModel","","","",0,*,"","","","null {[]} {[]}
","A functional description of a product’s functionality, used for counting","This is the logical model for a Product","","","","","","","","","",,,,,"",,,,"Element",0,*,"","ele-1:All FHIR elements must have a @value or children {hasValue() or (children().count() > id.count())}
","n/a"
"ProductModel.id","ProductModel.id","","","",0,1,"","","","string {[]} {[]}
","Unique id for inter-element referencing","Unique id for the element within a resource (for internal references). This may be any string value that does not contain spaces.","","","","","","","","","",,,,,"",,,,"Element.id",0,1,"ele-1
","","n/a"
"ProductModel.extension","ProductModel.extension","","extensions
user content","",0,*,"","","","Extension {[]} {[]}
","Additional content defined by implementations","May be used to represent additional information that is not part of the basic definition of the element. To make the use of extensions safe and managable, there is a strict set of governance applied to the definition and use of extensions. Though any implementer can define an extension, there is a set of requirements that SHALL be met as part of the definition of the extension.","There can be no stigma associated with the use of extensions by any application, project, or standard - regardless of the institution or jurisdiction that uses or defines the extensions.  The use of extensions is what allows the FHIR specification to retain a core level of simplicity for everyone.","","","","","","","","",,,,,"","value:url}
","Extensions are always sliced by (at least) url",,"open","Element.extension",0,*,"","ele-1:All FHIR elements must have a @value or children {hasValue() or (children().count() > id.count())}
ext-1:Must have either extensions or value[x], not both {extension.exists() != value.exists()}","n/a"
"ProductModel.identifier","ProductModel.identifier","","","",0,*,"","","","Identifier {[]} {[]}
","Business identifier for the product","Business identifier for the product","","","","","","","","","",,,,,"",,,,"ProductModel.identifier",0,*,"",""
"ProductModel.baseUnitOfMeasure","ProductModel.baseUnitOfMeasure","","","",0,1,"","","","CodeableConcept {[]} {[]}
","The base unit of measure - the unit in which the product is used or counted.","The base unit of measure - the unit in which the product is used or counted.","","","","","","","","","",,,,,"",,,,"ProductModel.baseUnitOfMeasure",0,1,"",""
"ProductModel.description","ProductModel.description","","","",0,*,"","","","BackboneElement {[]} {[]}
","The type of counting - whether it is a manual counting, automated data capture, estimate..","The type of counting - whether it is a manual counting, automated data capture, estimate..","","","","","","","","","",,,,,"",,,,"ProductModel.description",0,*,"","ele-1:All FHIR elements must have a @value or children {hasValue() or (children().count() > id.count())}
"
"ProductModel.description.id","ProductModel.description.id","","","",0,1,"","","","id {[]} {[]}
","Unique id for inter-element referencing","Unique id for the element within a resource (for internal references). This may be any string value that does not contain spaces.","","","","","","","","","",,,,,"",,,,"Element.id",0,1,"ele-1
","","n/a"
"ProductModel.description.extension","ProductModel.description.extension","","extensions
user content","",0,*,"","","","Extension {[]} {[]}
","Additional content defined by implementations","May be used to represent additional information that is not part of the basic definition of the element. To make the use of extensions safe and managable, there is a strict set of governance applied to the definition and use of extensions. Though any implementer can define an extension, there is a set of requirements that SHALL be met as part of the definition of the extension.","There can be no stigma associated with the use of extensions by any application, project, or standard - regardless of the institution or jurisdiction that uses or defines the extensions.  The use of extensions is what allows the FHIR specification to retain a core level of simplicity for everyone.","","","","","","","","",,,,,"","value:url}
","Extensions are always sliced by (at least) url",,"open","Element.extension",0,*,"","ele-1:All FHIR elements must have a @value or children {hasValue() or (children().count() > id.count())}
ext-1:Must have either extensions or value[x], not both {extension.exists() != value.exists()}","n/a"
"ProductModel.description.modifierExtension","ProductModel.description.modifierExtension","","extensions
user contentmodifiers","",0,*,"","Y","Y","Extension {[]} {[]}
","Extensions that cannot be ignored even if unrecognized","May be used to represent additional information that is not part of the basic definition of the element and that modifies the understanding of the element in which it is contained and/or the understanding of the containing element's descendants. Usually modifier elements provide negation or qualification. To make the use of extensions safe and managable, there is a strict set of governance applied to the definition and use of extensions. Though any implementer can define an extension, there is a set of requirements that SHALL be met as part of the definition of the extension. Applications processing a resource are required to check for modifier extensions.

Modifier extensions SHALL NOT change the meaning of any elements on Resource or DomainResource (including cannot change the meaning of modifierExtension itself).","There can be no stigma associated with the use of extensions by any application, project, or standard - regardless of the institution or jurisdiction that uses or defines the extensions.  The use of extensions is what allows the FHIR specification to retain a core level of simplicity for everyone.","Modifier extensions allow for extensions that *cannot* be safely ignored to be clearly distinguished from the vast majority of extensions which can be safely ignored.  This promotes interoperability by eliminating the need for implementers to prohibit the presence of extensions. For further information, see the [definition of modifier extensions](http://hl7.org/fhir/R5/extensibility.html#modifierExtension).","","","","","","","",,,,,"",,,,"BackboneElement.modifierExtension",0,*,"","ele-1:All FHIR elements must have a @value or children {hasValue() or (children().count() > id.count())}
ext-1:Must have either extensions or value[x], not both {extension.exists() != value.exists()}","N/A"
"ProductModel.description.attributeType","ProductModel.description.attributeType","","","",1,1,"","","","CodeableConcept {[]} {[]}
","The type of operation - add/subtract","The type of operation - add/subtract","","","","","","","","","",,,,,"",,,,"ProductModel.description.attributeType",1,1,"",""
"ProductModel.description.attributeType[x]","ProductModel.description.attributeType[x]","","","",1,1,"","","","integer {[]} {[]}
string {[]} {[]}boolean {[]} {[]}","The value of the attribute","The value of the attribute","","","","","","","","","",,,,,"",,,,"ProductModel.description.attributeType[x]",1,1,"",""
"ProductModel.association","ProductModel.association","","","",0,*,"","","","BackboneElement {[]} {[]}
","For example, Product A (powder) should be mixed with product B '(saline)', or 'product A should be applied with device B' , or 'Product X applies to parent device Y","For example, Product A (powder) should be mixed with product B '(saline)', or 'product A should be applied with device B' , or 'Product X applies to parent device Y","","","","","","","","","",,,,,"",,,,"ProductModel.association",0,*,"","ele-1:All FHIR elements must have a @value or children {hasValue() or (children().count() > id.count())}
"
"ProductModel.association.id","ProductModel.association.id","","","",0,1,"","","","id {[]} {[]}
","Unique id for inter-element referencing","Unique id for the element within a resource (for internal references). This may be any string value that does not contain spaces.","","","","","","","","","",,,,,"",,,,"Element.id",0,1,"ele-1
","","n/a"
"ProductModel.association.extension","ProductModel.association.extension","","extensions
user content","",0,*,"","","","Extension {[]} {[]}
","Additional content defined by implementations","May be used to represent additional information that is not part of the basic definition of the element. To make the use of extensions safe and managable, there is a strict set of governance applied to the definition and use of extensions. Though any implementer can define an extension, there is a set of requirements that SHALL be met as part of the definition of the extension.","There can be no stigma associated with the use of extensions by any application, project, or standard - regardless of the institution or jurisdiction that uses or defines the extensions.  The use of extensions is what allows the FHIR specification to retain a core level of simplicity for everyone.","","","","","","","","",,,,,"","value:url}
","Extensions are always sliced by (at least) url",,"open","Element.extension",0,*,"","ele-1:All FHIR elements must have a @value or children {hasValue() or (children().count() > id.count())}
ext-1:Must have either extensions or value[x], not both {extension.exists() != value.exists()}","n/a"
"ProductModel.association.modifierExtension","ProductModel.association.modifierExtension","","extensions
user contentmodifiers","",0,*,"","Y","Y","Extension {[]} {[]}
","Extensions that cannot be ignored even if unrecognized","May be used to represent additional information that is not part of the basic definition of the element and that modifies the understanding of the element in which it is contained and/or the understanding of the containing element's descendants. Usually modifier elements provide negation or qualification. To make the use of extensions safe and managable, there is a strict set of governance applied to the definition and use of extensions. Though any implementer can define an extension, there is a set of requirements that SHALL be met as part of the definition of the extension. Applications processing a resource are required to check for modifier extensions.

Modifier extensions SHALL NOT change the meaning of any elements on Resource or DomainResource (including cannot change the meaning of modifierExtension itself).","There can be no stigma associated with the use of extensions by any application, project, or standard - regardless of the institution or jurisdiction that uses or defines the extensions.  The use of extensions is what allows the FHIR specification to retain a core level of simplicity for everyone.","Modifier extensions allow for extensions that *cannot* be safely ignored to be clearly distinguished from the vast majority of extensions which can be safely ignored.  This promotes interoperability by eliminating the need for implementers to prohibit the presence of extensions. For further information, see the [definition of modifier extensions](http://hl7.org/fhir/R5/extensibility.html#modifierExtension).","","","","","","","",,,,,"",,,,"BackboneElement.modifierExtension",0,*,"","ele-1:All FHIR elements must have a @value or children {hasValue() or (children().count() > id.count())}
ext-1:Must have either extensions or value[x], not both {extension.exists() != value.exists()}","N/A"
"ProductModel.association.associationType","ProductModel.association.associationType","","","",1,1,"","","","CodeableConcept {[]} {[]}
","The type of association","e.g. 'applied with' or 'used with' or 'to be mixed with","","","","","","","","","",,,,,"",,,,"ProductModel.association.associationType",1,1,"",""
"ProductModel.association.associatedProduct[x]:associatedProductCodeableConcept","ProductModel.association.associatedProduct[x]","associatedProductCodeableConcept","","",0,1,"","","","CodeableConcept {[]} {[]}
","The actual related product","The actual related product","","","","","","","","","",,"preferred","","http://profiles.ihe.net/PHARM/supply/ValueSet/vs-ihe-pharm-product-association-type","","type:$this}
","",,"open","ProductModel.association.associatedProduct[x]",0,1,"",""
"ProductModel.association.quantity","ProductModel.association.quantity","","","",1,1,"","","","Ratio {[]} {[]}
","The quantity of the associated product in this product","The quantity of the associated product in this product - Numerator is the quantity of the related product. Denominator is the quantity of the present product. for example a value of 20 means that this product contains 20 units of the related product; a value of 1:20 means the inverse - that the contained product contains 20 units of this product.","","","","","","","","","",,,,,"",,,,"ProductModel.association.quantity",1,1,"",""
"ProductModel.classification","ProductModel.classification","","","",0,*,"","","","CodeableConcept {[]} {[]}
","The classification(s) of the product, e.g. ATC code, schedule, device class, ...","The classification(s) of the product, e.g. ATC code, schedule, device class, ...","","","","","","","","","",,,,,"",,,,"ProductModel.classification",0,*,"",""
